first_name,last_name,email,active
first-name-01,last-name-01,email-01@mail.com,0
first-name-02,last-name-02,email-02@mail.com,0
first-name-03,last-name-03,email-03@mail.com,0
first-name-04,last-name-04,email-04@mail.com,0
first-name-05,last-name-05,email-05@mail.com,0
first-name-06,last-name-06,email-06@mail.com,0
first-name-07,last-name-07,email-07@mail.com,0
first-name-08,last-name-08,email-08@mail.com,0
first-name-09,last-name-09,email-09@mail.com,0
first-name-10,last-name-10,email-10@mail.com,0
first-name-11,last-name-11,email-11@mail.com,0
first-name-12,last-name-12,email-12@mail.com,0
first-name-13,last-name-13,email-13@mail.com,0
first-name-14,last-name-14,email-14@mail.com,0
first-name-15,last-name-15,email-15@mail.com,0
first-name-16,last-name-16,email-16@mail.com,0
first-name-17,last-name-17,email-17@mail.com,0
first-name-18,last-name-18,email-18@mail.com,0
first-name-19,last-name-19,email-19@mail.com,0
first-name-20,last-name-20,email-20@mail.com,0
first-name-21,last-name-21,email-21@mail.com,0
first-name-22,last-name-22,email-22@mail.com,0
first-name-23,last-name-23,email-23@mail.com,0
first-name-24,last-name-24,email-24@mail.com,0
first-name-25,last-name-25,email-25@mail.com,0
